{
  "News Page" : {
    "transaction" : "News Page",
    "sampleCount" : 194,
    "errorCount" : 0,
    "errorPct" : 0.0,
    "meanResTime" : 193.46907216494859,
    "medianResTime" : 162.0,
    "minResTime" : 77.0,
    "maxResTime" : 982.0,
    "pct1ResTime" : 246.0,
    "pct2ResTime" : 391.5,
    "pct3ResTime" : 891.7500000000011,
    "throughput" : 2.2005444646098002,
    "receivedKBytesPerSec" : 113.09689281207464,
    "sentKBytesPerSec" : 0.9252198594884301
  },
  "FAQ Page" : {
    "transaction" : "FAQ Page",
    "sampleCount" : 194,
    "errorCount" : 0,
    "errorPct" : 0.0,
    "meanResTime" : 815.2319587628864,
    "medianResTime" : 832.5,
    "minResTime" : 325.0,
    "maxResTime" : 1235.0,
    "pct1ResTime" : 1057.5,
    "pct2ResTime" : 1099.25,
    "pct3ResTime" : 1208.4000000000003,
    "throughput" : 2.193602369995138,
    "receivedKBytesPerSec" : 64.3042317656803,
    "sentKBytesPerSec" : 0.9415807611743688
  },
  "Questions Page" : {
    "transaction" : "Questions Page",
    "sampleCount" : 191,
    "errorCount" : 0,
    "errorPct" : 0.0,
    "meanResTime" : 1327.5916230366495,
    "medianResTime" : 1396.0,
    "minResTime" : 522.0,
    "maxResTime" : 1905.0,
    "pct1ResTime" : 1678.4,
    "pct2ResTime" : 1728.6,
    "pct3ResTime" : 1810.2399999999984,
    "throughput" : 2.1654101241426225,
    "receivedKBytesPerSec" : 244.92012570149086,
    "sentKBytesPerSec" : 0.9452522709880392
  },
  "Contacts Page" : {
    "transaction" : "Contacts Page",
    "sampleCount" : 189,
    "errorCount" : 0,
    "errorPct" : 0.0,
    "meanResTime" : 767.3492063492057,
    "medianResTime" : 786.0,
    "minResTime" : 302.0,
    "maxResTime" : 1160.0,
    "pct1ResTime" : 995.0,
    "pct2ResTime" : 1028.5,
    "pct3ResTime" : 1123.0999999999997,
    "throughput" : 2.1618530168716044,
    "receivedKBytesPerSec" : 65.7625397662282,
    "sentKBytesPerSec" : 0.9415883257077495
  },
  "Total" : {
    "transaction" : "Total",
    "sampleCount" : 1147,
    "errorCount" : 0,
    "errorPct" : 0.0,
    "meanResTime" : 688.7471665213608,
    "medianResTime" : 729.0,
    "minResTime" : 77.0,
    "maxResTime" : 1905.0,
    "pct1ResTime" : 1337.4,
    "pct2ResTime" : 1533.0,
    "pct3ResTime" : 1725.52,
    "throughput" : 12.662420100901935,
    "receivedKBytesPerSec" : 1158.7504907446762,
    "sentKBytesPerSec" : 5.433919202554564
  },
  "Video Gallery" : {
    "transaction" : "Video Gallery",
    "sampleCount" : 185,
    "errorCount" : 0,
    "errorPct" : 0.0,
    "meanResTime" : 821.5027027027028,
    "medianResTime" : 845.0,
    "minResTime" : 336.0,
    "maxResTime" : 1217.0,
    "pct1ResTime" : 1043.2,
    "pct2ResTime" : 1093.3,
    "pct3ResTime" : 1187.7599999999995,
    "throughput" : 2.123824721319756,
    "receivedKBytesPerSec" : 77.69188281007841,
    "sentKBytesPerSec" : 0.9312473631568071
  },
  "Home Page" : {
    "transaction" : "Home Page",
    "sampleCount" : 194,
    "errorCount" : 0,
    "errorPct" : 0.0,
    "meanResTime" : 225.40206185567013,
    "medianResTime" : 218.0,
    "minResTime" : 115.0,
    "maxResTime" : 1684.0,
    "pct1ResTime" : 276.0,
    "pct2ResTime" : 301.5,
    "pct3ResTime" : 532.6000000000138,
    "throughput" : 2.162957677384828,
    "receivedKBytesPerSec" : 615.2777852783694,
    "sentKBytesPerSec" : 0.8982781003322482
  }
}