{
  "News Page" : {
    "transaction" : "News Page",
    "sampleCount" : 185,
    "errorCount" : 0,
    "errorPct" : 0.0,
    "meanResTime" : 212.13513513513513,
    "medianResTime" : 166.0,
    "minResTime" : 84.0,
    "maxResTime" : 1164.0,
    "pct1ResTime" : 247.20000000000002,
    "pct2ResTime" : 750.5999999999945,
    "pct3ResTime" : 1157.12,
    "throughput" : 2.1032048294130354,
    "receivedKBytesPerSec" : 108.09408120146998,
    "sentKBytesPerSec" : 0.8831484088118599
  },
  "FAQ Page" : {
    "transaction" : "FAQ Page",
    "sampleCount" : 185,
    "errorCount" : 0,
    "errorPct" : 0.0,
    "meanResTime" : 849.8864864864863,
    "medianResTime" : 900.0,
    "minResTime" : 326.0,
    "maxResTime" : 1914.0,
    "pct1ResTime" : 1092.2,
    "pct2ResTime" : 1118.8,
    "pct3ResTime" : 1325.7599999999907,
    "throughput" : 2.091695403923342,
    "receivedKBytesPerSec" : 60.49086164070892,
    "sentKBytesPerSec" : 0.8966995731810731
  },
  "Questions Page" : {
    "transaction" : "Questions Page",
    "sampleCount" : 184,
    "errorCount" : 0,
    "errorPct" : 0.0,
    "meanResTime" : 1361.1250000000002,
    "medianResTime" : 1435.0,
    "minResTime" : 523.0,
    "maxResTime" : 1820.0,
    "pct1ResTime" : 1656.5,
    "pct2ResTime" : 1738.5,
    "pct3ResTime" : 1818.3,
    "throughput" : 2.0797305392605656,
    "receivedKBytesPerSec" : 234.33856365430697,
    "sentKBytesPerSec" : 0.9078511240717507
  },
  "Contacts Page" : {
    "transaction" : "Contacts Page",
    "sampleCount" : 181,
    "errorCount" : 0,
    "errorPct" : 0.0,
    "meanResTime" : 801.9447513812155,
    "medianResTime" : 834.0,
    "minResTime" : 310.0,
    "maxResTime" : 1304.0,
    "pct1ResTime" : 1029.0,
    "pct2ResTime" : 1094.5,
    "pct3ResTime" : 1224.4600000000007,
    "throughput" : 2.070369692532943,
    "receivedKBytesPerSec" : 62.86130712461681,
    "sentKBytesPerSec" : 0.901743049677434
  },
  "Total" : {
    "transaction" : "Total",
    "sampleCount" : 1099,
    "errorCount" : 0,
    "errorPct" : 0.0,
    "meanResTime" : 718.5559599636032,
    "medianResTime" : 784.0,
    "minResTime" : 84.0,
    "maxResTime" : 2170.0,
    "pct1ResTime" : 1408.0,
    "pct2ResTime" : 1554.0,
    "pct3ResTime" : 1742.0,
    "throughput" : 12.106857614982099,
    "receivedKBytesPerSec" : 1106.3549878649133,
    "sentKBytesPerSec" : 5.192407824979345
  },
  "Video Gallery" : {
    "transaction" : "Video Gallery",
    "sampleCount" : 178,
    "errorCount" : 0,
    "errorPct" : 0.0,
    "meanResTime" : 869.033707865169,
    "medianResTime" : 893.0,
    "minResTime" : 338.0,
    "maxResTime" : 2170.0,
    "pct1ResTime" : 1104.8,
    "pct2ResTime" : 1149.9999999999995,
    "pct3ResTime" : 1763.1500000000042,
    "throughput" : 2.0419869221062292,
    "receivedKBytesPerSec" : 73.80282870396925,
    "sentKBytesPerSec" : 0.8953634062750946
  },
  "Home Page" : {
    "transaction" : "Home Page",
    "sampleCount" : 186,
    "errorCount" : 0,
    "errorPct" : 0.0,
    "meanResTime" : 230.81720430107535,
    "medianResTime" : 222.5,
    "minResTime" : 119.0,
    "maxResTime" : 1491.0,
    "pct1ResTime" : 295.20000000000005,
    "pct2ResTime" : 314.90000000000003,
    "pct3ResTime" : 523.559999999995,
    "throughput" : 2.0666437039588446,
    "receivedKBytesPerSec" : 587.8777019665059,
    "sentKBytesPerSec" : 0.8571736355707158
  }
}